UvA	UvAIncLearnHigh	0.0	10.4246412557	0.0
CWI	google_dic_3	148.75862069	10.2491119483	2.89149291968
helsinki	disgraph2	124.034482759	8.6051360844	2.51809344942
udel_fang	UDInfoKBA_WIKI1	121.172413793	8.43536435941	2.4794086557
LSIS	lsisRFAll	119.103448276	8.32929141151	2.46604748019
UMass_CIIR	PC_RM10_1500	104.655172414	7.38014389112	2.26394716727
uiucGSLIS	gslis_adaptive	78.275862069	5.45226238873	1.64166612666
igpi2012	ner_jaccard	44.0	3.16422116217	0.94652986048
hltcoe	wordNER500	21.0	1.36669351083	0.345394273545
