UvA	UvAIncLearnHigh	0.0	20.3166101349	0.0
CWI	google_dic_3	148.75862069	19.928914847	7.87005748831
helsinki	disgraph2	124.034482759	17.9344842794	7.31802156362
LSIS	lsisRFAll	119.103448276	17.2249198803	7.01779420006
udel_fang	UDInfoKBA_WIKI1	121.172413793	17.1461744144	6.93441262944
UMass_CIIR	PC_RM10_1500	104.655172414	14.5526614847	6.07690304107
uiucGSLIS	gslis_adaptive	78.275862069	11.1260260529	4.69201049414
igpi2012	ner_jaccard	44.0	5.94582722413	2.55950435791
hltcoe	wordNER500	21.0	1.94706225614	0.614248099319
