UvA	UvAIncLearnHigh	nan	0.627046406269	nan
CWI	google_dic_3	0.65639102459	0.614462554455	0.643236517906
UMass_CIIR	PC_RM10_1500	0.494056999683	0.445482283831	0.379110515118
udel_fang	UDInfoKBA_WIKI1	0.325253993273	0.314104408026	0.211122184992
LSIS	lsisRFAll	0.201920002699	0.197022765875	0.119338497519
uiucGSLIS	gslis_adaptive	0.16459299624	0.114375546575	0.169117406011
hltcoe	wordNER500	0.264923989773	0.0824686810374	0.0568251609802
igpi2012	ner_jaccard	0.966666996479	0.0483870953321	0.0
helsinki	disgraph2	-0.769609987736	-0.769324958324	-0.752491533756
