UvA	UvAIncLearnHigh	nan	0.883186995983	nan
CWI	google_dic_3	0.930446028709	0.697006881237	0.560476303101
hltcoe	wordNER500	0.771929979324	0.662903249264	0.0
udel_fang	UDInfoKBA_WIKI1	0.480960011482	0.492597907782	0.471856147051
LSIS	lsisRFAll	0.604327023029	0.464344769716	0.42711058259
UMass_CIIR	PC_RM10_1500	0.545569002628	0.457829922438	0.443489074707
uiucGSLIS	gslis_adaptive	0.492307007313	0.208788871765	0.226284384727
igpi2012	ner_jaccard	-0.242923006415	-0.36287817359	-0.360318988562
helsinki	disgraph2	-0.813998997211	-0.79829120636	-0.787829577923
