UvA	UvAIncLearnHigh	nan	0.69292807579	nan
udel_fang	UDInfoKBA_WIKI1	0.549651026726	0.563156664371	0.753481507301
CWI	google_dic_3	0.505034983158	0.445054233074	0.666677713394
UMass_CIIR	PC_RM10_1500	0.343284010887	0.427390307188	0.60566920042
LSIS	lsisRFAll	0.364903986454	0.411609441042	0.590908765793
uiucGSLIS	gslis_adaptive	0.286814987659	0.33976355195	0.421117722988
hltcoe	wordNER500	0.0975240021944	0.124420501292	0.192172452807
igpi2012	ner_jaccard	0.0337750017643	0.0637673735619	0.101868383586
helsinki	disgraph2	0.00439399993047	0.0103396251798	0.0206877458841
