UvA	UvAIncLearnHigh	nan	0.473353356123	nan
CWI	google_dic_3	0.262026011944	0.447837591171	0.637947976589
UMass_CIIR	PC_RM10_1500	0.208967000246	0.399939000607	0.536685824394
uiucGSLIS	gslis_adaptive	0.213183000684	0.354147672653	0.403347998857
LSIS	lsisRFAll	0.174474999309	0.345056176186	0.44904217124
udel_fang	UDInfoKBA_WIKI1	0.185940995812	0.329967409372	0.449765443802
hltcoe	wordNER500	0.0193390008062	0.0486890673637	0.0561798661947
igpi2012	ner_jaccard	0.010985000059	0.015118572861	0.0342970006168
helsinki	disgraph2	0.000102999998489	0.000496022461448	0.013782011345
