UvA	UvAIncLearnHigh	nan	0.609126985073	nan
udel_fang	UDInfoKBA_WIKI1	0.273452013731	0.558333337307	0.691666603088
LSIS	lsisRFAll	0.0460980013013	0.487103164196	0.625
hltcoe	wordNER500	0.145833000541	0.333333343267	0.25
CWI	google_dic_3	0.0632689967752	0.205489337444	0.523663878441
UMass_CIIR	PC_RM10_1500	0.0207529999316	0.188523665071	0.430803626776
uiucGSLIS	gslis_adaptive	0.0250000003725	0.0416666679084	0.0625
helsinki	disgraph2	0.00406400021166	0.0222488325089	0.118660628796
igpi2012	ner_jaccard	0.0	0.0	0.0
