UvA	UvAIncLearnHigh	nan	0.802929878235	nan
udel_fang	UDInfoKBA_WIKI1	0.549651026726	0.663912713528	0.77307009697
CWI	google_dic_3	0.505034983158	0.520623683929	0.691105008125
LSIS	lsisRFAll	0.364903986454	0.495715707541	0.611479699612
UMass_CIIR	PC_RM10_1500	0.343284010887	0.437832593918	0.530184090137
uiucGSLIS	gslis_adaptive	0.286814987659	0.336815953255	0.401597499847
hltcoe	wordNER500	0.0975240021944	0.121050491929	0.174784094095
igpi2012	ner_jaccard	0.0337750017643	0.0540069565177	0.09735442698
helsinki	disgraph2	0.00439399993047	0.0206375401467	0.037537664175
