UvA	UvAIncLearnHigh	nan	0.595206141472	nan
UMass_CIIR	PC_RM10_1500	0.287519991398	0.525923490524	0.637817502022
LSIS	lsisRFAll	0.200341001153	0.518931686878	0.658333361149
CWI	google_dic_3	0.0732299983501	0.340789467096	0.598816871643
udel_fang	UDInfoKBA_WIKI1	0.1062740013	0.330564528704	0.501666724682
uiucGSLIS	gslis_adaptive	0.082851998508	0.329027026892	0.51448404789
igpi2012	ner_jaccard	0.00668699992821	0.0553040355444	0.108410999179
helsinki	disgraph2	0.00520000001416	0.0202998332679	0.0568866990507
hltcoe	wordNER500	0.0	0.0	0.0
