udel_fang	UDInfoKBA_WIKI1	0.366667002439	1.0	1.0
LSIS	lsisRFAll	0.112121000886	0.75	0.75
CWI	google_dic_3	0.108823999763	0.666666507721	1.0
UMass_CIIR	PC_RM10_1500	0.0912699997425	0.666666507721	1.0
uiucGSLIS	gslis_adaptive	0.055555999279	0.5	0.5
UvA	UvAIncLearnHigh	nan	0.26666650176	nan
helsinki	disgraph2	0.00264599989168	0.0625	0.125
igpi2012	ner_jaccard	0.0	0.0	0.0
hltcoe	wordNER500	0.0	0.0	0.0
