UvA	UvAIncLearnHigh	nan	0.569940507412	nan
LSIS	lsisRFAll	0.0460980013013	0.474702388048	0.625
udel_fang	UDInfoKBA_WIKI1	0.273452013731	0.46250000596	0.691666603088
hltcoe	wordNER500	0.145833000541	0.25	0.25
CWI	google_dic_3	0.0632689967752	0.172321379185	0.523663878441
UMass_CIIR	PC_RM10_1500	0.0207529999316	0.156222999096	0.430803626776
uiucGSLIS	gslis_adaptive	0.0250000003725	0.0625	0.0625
helsinki	disgraph2	0.00406400021166	0.0204852502793	0.118660628796
igpi2012	ner_jaccard	0.0	0.0	0.0
