UvA	UvAIncLearnHigh	nan	0.490820765495	nan
UMass_CIIR	PC_RM10_1500	0.287519991398	0.362303107977	0.597559571266
LSIS	lsisRFAll	0.200341001153	0.361756116152	0.631111085415
udel_fang	UDInfoKBA_WIKI1	0.1062740013	0.29567399621	0.508750021458
CWI	google_dic_3	0.0732299983501	0.259174436331	0.570923626423
uiucGSLIS	gslis_adaptive	0.082851998508	0.245436549187	0.521934449673
igpi2012	ner_jaccard	0.00668699992821	0.046613778919	0.095153696835
helsinki	disgraph2	0.00520000001416	0.0137918889523	0.0578191503882
hltcoe	wordNER500	0.0	0.0	0.0
