UvA	UvAIncLearnHigh	nan	0.56997525692	nan
hltcoe	wordNER500	0.373133987188	0.510968148708	0.5
uiucGSLIS	gslis_adaptive	0.249570995569	0.495680302382	0.653259456158
LSIS	lsisRFAll	0.417088001966	0.455901741982	0.568813085556
CWI	google_dic_3	0.250416994095	0.433027803898	0.674486577511
udel_fang	UDInfoKBA_WIKI1	0.131343007088	0.406094372272	0.709907114506
UMass_CIIR	PC_RM10_1500	0.374830007553	0.404993057251	0.672124266624
igpi2012	ner_jaccard	0.000365000014426	0.00131962494925	0.00484729558229
helsinki	disgraph2	6.5000000177e-05	9.63749989751e-05	0.000472250016173
