UvA	UvAIncLearnHigh	nan	0.568823814392	nan
CWI	google_dic_3	0.262026011944	0.511632144451	0.751691937447
udel_fang	UDInfoKBA_WIKI1	0.185940995812	0.461572915316	0.576525807381
UMass_CIIR	PC_RM10_1500	0.208967000246	0.45922678709	0.613555431366
LSIS	lsisRFAll	0.174474999309	0.445917844772	0.538152098656
uiucGSLIS	gslis_adaptive	0.213183000684	0.360496789217	0.4707916677
hltcoe	wordNER500	0.0193390008062	0.0960317105055	0.0591269992292
igpi2012	ner_jaccard	0.010985000059	0.00918971467763	0.0251739639789
helsinki	disgraph2	0.000102999998489	0.000277357146842	0.0128352502361
