UvA	UvAIncLearnHigh	nan	0.414062559605	nan
LSIS	lsisRFAll	0.246795997024	0.257360100746	0.5
UMass_CIIR	PC_RM10_1500	0.373252004385	0.244869336486	0.442389339209
udel_fang	UDInfoKBA_WIKI1	0.137201994658	0.195498660207	0.381074666977
uiucGSLIS	gslis_adaptive	0.0	0.169960334897	0.422832041979
CWI	google_dic_3	0.0261760000139	0.101567998528	0.342389345169
igpi2012	ner_jaccard	0.0451739989221	0.0376844443381	0.0423892997205
helsinki	disgraph2	0.0	0.0	0.0
hltcoe	wordNER500	0.0	0.0	0.0
