UvA	UvAIncLearnHigh	nan	0.635430037975	nan
uiucGSLIS	gslis_adaptive	0.643302977085	0.584746778011	0.575596749783
udel_fang	UDInfoKBA_WIKI1	0.608506023884	0.535892426968	0.673853754997
UMass_CIIR	PC_RM10_1500	0.552107989788	0.473679304123	0.568420112133
LSIS	lsisRFAll	0.487338989973	0.434117823839	0.581225931644
CWI	google_dic_3	0.521556019783	0.357440263033	0.53661942482
hltcoe	wordNER500	0.237259998918	0.23011431098	0.232805162668
igpi2012	ner_jaccard	0.134718000889	0.121902249753	0.126478806138
helsinki	disgraph2	0.0	0.0	0.0
