UvA	UvAIncLearnHigh	nan	0.537843167782	nan
UMass_CIIR	PC_RM10_1500	0.373252004385	0.459817528725	0.497673809528
LSIS	lsisRFAll	0.246795997024	0.446556001902	0.533333361149
uiucGSLIS	gslis_adaptive	0.0	0.311570435762	0.473645478487
udel_fang	UDInfoKBA_WIKI1	0.137201994658	0.250831663609	0.382587522268
CWI	google_dic_3	0.0261760000139	0.240776330233	0.397673815489
igpi2012	ner_jaccard	0.0451739989221	0.0565266646445	0.0643403679132
helsinki	disgraph2	0.0	0.0	0.0
hltcoe	wordNER500	0.0	0.0	0.0
