UvA	UvAIncLearnHigh	nan	0.759318292141	nan
uiucGSLIS	gslis_adaptive	0.643302977085	0.733014941216	0.738348841667
udel_fang	UDInfoKBA_WIKI1	0.608506023884	0.66853582859	0.764995515347
LSIS	lsisRFAll	0.487338989973	0.63138204813	0.727968454361
UMass_CIIR	PC_RM10_1500	0.552107989788	0.560771048069	0.60552161932
CWI	google_dic_3	0.521556019783	0.476537257433	0.598436594009
hltcoe	wordNER500	0.237259998918	0.256610095501	0.318423718214
igpi2012	ner_jaccard	0.134718000889	0.180848240852	0.271456629038
helsinki	disgraph2	0.0	0.0	0.0
