UvA	UvAIncLearnHigh	nan	6.36363649368	nan
udel_fang	UDInfoKBA_WIKI1	38.0	5.95454549789	3.20454549789
LSIS	lsisRFAll	39.0	5.47727251053	2.93181824684
UMass_CIIR	PC_RM10_1500	40.0	5.31818199158	2.86363625526
uiucGSLIS	gslis_adaptive	33.0	4.86363649368	2.84090900421
helsinki	disgraph2	22.0	3.81818175316	2.27272725105
hltcoe	wordNER500	20.0	3.43181824684	2.25
CWI	google_dic_3	19.0	3.31818175316	2.11363625526
igpi2012	ner_jaccard	6.0	1.38636362553	0.863636374474
