UvA	UvAIncLearnHigh	nan	2.93333339691	nan
UMass_CIIR	PC_RM10_1500	40.0	2.66666674614	1.73913037777
LSIS	lsisRFAll	39.0	2.59999990463	1.69565212727
udel_fang	UDInfoKBA_WIKI1	38.0	2.53333330154	1.65217387676
uiucGSLIS	gslis_adaptive	33.0	2.20000004768	1.43478262424
helsinki	disgraph2	22.0	1.46666669846	0.956521749496
hltcoe	wordNER500	20.0	1.33333337307	0.869565188885
CWI	google_dic_3	19.0	1.26666665077	0.826086938381
igpi2012	ner_jaccard	6.0	0.40000000596	0.260869562626
