UvA	UvAIncLearnHigh	nan	60.4375	nan
CWI	google_dic_3	965.0	60.3125	10.4891300201
LSIS	lsisRFAll	948.0	59.25	10.3043479919
udel_fang	UDInfoKBA_WIKI1	847.0	52.9375	9.20652198792
helsinki	disgraph2	789.0	49.3125	8.57608699799
igpi2012	ner_jaccard	733.0	45.8125	7.96739149094
uiucGSLIS	gslis_adaptive	490.0	30.625	5.32608699799
UMass_CIIR	PC_RM10_1500	482.0	30.125	5.23913049698
hltcoe	wordNER500	124.0	7.75	1.34782612324
