UvA	UvAIncLearnHigh	nan	3.36363625526	nan
CWI	google_dic_3	35.0	3.18181824684	1.34615385532
UMass_CIIR	PC_RM10_1500	27.0	2.45454549789	1.03846156597
udel_fang	UDInfoKBA_WIKI1	25.0	2.27272725105	0.961538434029
LSIS	lsisRFAll	25.0	2.27272725105	0.961538434029
uiucGSLIS	gslis_adaptive	13.0	1.18181812763	0.5
igpi2012	ner_jaccard	12.0	1.09090912342	0.461538463831
helsinki	disgraph2	0.0	0.0	0.0
hltcoe	wordNER500	0.0	0.0	0.0
