UvA	UvAIncLearnHigh	nan	10.4375	nan
CWI	google_dic_3	162.0	10.125	1.97560977936
helsinki	disgraph2	156.0	9.75	1.90243899822
UMass_CIIR	PC_RM10_1500	144.0	9.0	1.75609755516
udel_fang	UDInfoKBA_WIKI1	131.0	8.1875	1.59756100178
LSIS	lsisRFAll	131.0	8.1875	1.59756100178
uiucGSLIS	gslis_adaptive	80.0	5.0	0.975609779358
hltcoe	wordNER500	9.0	0.5625	0.109756097198
igpi2012	ner_jaccard	0.0	0.0	0.0
