UvA	UvAIncLearnHigh	nan	141.529037476	nan
helsinki	disgraph2	310.0	141.529037476	66.0258102417
udel_fang	UDInfoKBA_WIKI1	296.0	137.603225708	64.1419372559
CWI	google_dic_3	298.0	137.3387146	64.01612854
LSIS	lsisRFAll	297.0	137.009674072	63.98387146
UMass_CIIR	PC_RM10_1500	238.0	104.638710022	48.464515686
uiucGSLIS	gslis_adaptive	205.0	94.345161438	44.2483863831
igpi2012	ner_jaccard	16.0	7.5	3.55483865738
hltcoe	wordNER500	4.0	1.9870967865	0.0290322583169
