UvA	UvAIncLearnHigh	nan	46.3824462891	nan
CWI	google_dic_3	630.0	45.7774276733	11.1347961426
UMass_CIIR	PC_RM10_1500	387.0	28.9984321594	7.34326028824
LSIS	lsisRFAll	312.0	20.9968643188	4.15987443924
udel_fang	UDInfoKBA_WIKI1	295.0	19.493730545	3.92006278038
helsinki	disgraph2	250.0	16.7241382599	3.1018807888
uiucGSLIS	gslis_adaptive	172.0	11.1457681656	2.16300940514
hltcoe	wordNER500	159.0	10.5266456604	2.51724147797
igpi2012	ner_jaccard	7.0	0.40752351284	0.0768025070429
