UvA	UvAIncLearnHigh	nan	78.2926559448	nan
CWI	google_dic_3	965.0	78.0765228271	17.0330924988
LSIS	lsisRFAll	948.0	76.739402771	16.8283348083
udel_fang	UDInfoKBA_WIKI1	847.0	68.8345413208	14.6556358337
helsinki	disgraph2	789.0	65.4994812012	14.6628751755
igpi2012	ner_jaccard	733.0	61.7352638245	13.3753881454
uiucGSLIS	gslis_adaptive	490.0	38.4022750854	8.64943122864
UMass_CIIR	PC_RM10_1500	482.0	38.2978286743	9.05170631409
hltcoe	wordNER500	124.0	8.93381595612	2.62874865532
