UvA	UvAIncLearnHigh	nan	20.6666660309	nan
helsinki	disgraph2	310.0	20.6666660309	6.88888883591
CWI	google_dic_3	298.0	19.8666667938	6.62222242355
LSIS	lsisRFAll	297.0	19.7999992371	6.59999990463
udel_fang	UDInfoKBA_WIKI1	296.0	19.7333335876	6.57777786255
UMass_CIIR	PC_RM10_1500	238.0	15.8666667938	5.28888893127
uiucGSLIS	gslis_adaptive	205.0	13.6666669846	4.55555534363
igpi2012	ner_jaccard	16.0	1.0666667223	0.355555564165
hltcoe	wordNER500	4.0	0.266666680574	0.0888888910413
