UvA	UvAIncLearnHigh	nan	4.7297296524	nan
CWI	google_dic_3	35.0	4.43243265152	1.64864861965
UMass_CIIR	PC_RM10_1500	27.0	3.48648643494	1.2972972393
udel_fang	UDInfoKBA_WIKI1	25.0	3.4324324131	1.32432436943
LSIS	lsisRFAll	25.0	3.16216206551	1.21621620655
igpi2012	ner_jaccard	12.0	1.67567563057	0.567567586899
uiucGSLIS	gslis_adaptive	13.0	1.5675675869	0.648648619652
helsinki	disgraph2	0.0	0.0	0.0
hltcoe	wordNER500	0.0	0.0	0.0
