UvA	UvAIncLearnHigh	nan	39.875	nan
CWI	google_dic_3	630.0	39.375	5.94339609146
UMass_CIIR	PC_RM10_1500	387.0	24.1875	3.65094327927
LSIS	lsisRFAll	312.0	19.5	2.94339632988
udel_fang	UDInfoKBA_WIKI1	295.0	18.4375	2.78301882744
helsinki	disgraph2	250.0	15.625	2.35849046707
uiucGSLIS	gslis_adaptive	172.0	10.75	1.62264156342
hltcoe	wordNER500	159.0	9.9375	1.5
igpi2012	ner_jaccard	7.0	0.4375	0.0660377368331
