udel_fang	UDInfoKBA_WIKI1	16.0	2.0	1.14285719395
UvA	UvAIncLearnHigh	nan	2.0	nan
helsinki	disgraph2	16.0	2.0	1.14285719395
LSIS	lsisRFAll	15.0	1.875	1.07142853737
UMass_CIIR	PC_RM10_1500	15.0	1.875	1.07142853737
uiucGSLIS	gslis_adaptive	10.0	1.25	0.714285731316
hltcoe	wordNER500	1.0	0.125	0.0714285746217
CWI	google_dic_3	0.0	0.0	0.0
igpi2012	ner_jaccard	0.0	0.0	0.0
