UvA	UvAIncLearnHigh	nan	12.6526947021	nan
CWI	google_dic_3	162.0	12.1317367554	2.7844312191
helsinki	disgraph2	156.0	11.7664670944	2.70059871674
UMass_CIIR	PC_RM10_1500	144.0	10.7964067459	2.46107792854
udel_fang	UDInfoKBA_WIKI1	131.0	9.89221572876	2.26946115494
LSIS	lsisRFAll	131.0	9.68862247467	2.19760489464
uiucGSLIS	gslis_adaptive	80.0	5.48503017426	1.29341316223
hltcoe	wordNER500	9.0	0.79041916132	0.191616773605
igpi2012	ner_jaccard	0.0	0.0	0.0
