UvA	UvAIncLearnHigh	nan	0.723404109478	nan
udel_fang	UDInfoKBA_WIKI1	0.638297975063	0.68085116148	0.748936235905
LSIS	lsisRFAll	0.510637998581	0.553191363811	0.600000083447
UMass_CIIR	PC_RM10_1500	0.540426015854	0.497872382402	0.510638296604
CWI	google_dic_3	0.536170005798	0.485106378794	0.61702132225
uiucGSLIS	gslis_adaptive	0.434042990208	0.387234002352	0.404255330563
hltcoe	wordNER500	0.178723007441	0.187234252691	0.195744767785
igpi2012	ner_jaccard	0.0936169996858	0.0936171039939	0.106383025646
helsinki	disgraph2	0.0	0.0	0.0
