UvA	UvAIncLearnHigh	nan	0.500000059605	nan
UMass_CIIR	PC_RM10_1500	0.300000011921	0.433333307505	0.466666668653
LSIS	lsisRFAll	0.233333006501	0.40000000596	0.533333301544
uiucGSLIS	gslis_adaptive	0.0	0.366666704416	0.433333277702
udel_fang	UDInfoKBA_WIKI1	0.166666999459	0.266666680574	0.366666674614
CWI	google_dic_3	0.0333329997957	0.266666680574	0.366666674614
igpi2012	ner_jaccard	0.0666669979692	0.0333333350718	0.0666666328907
helsinki	disgraph2	0.0	0.0	0.0
hltcoe	wordNER500	0.0	0.0	0.0
