UvA	UvAIncLearnHigh	nan	0.602479875088	nan
udel_fang	UDInfoKBA_WIKI1	0.638297975063	0.539452910423	0.667720615864
UMass_CIIR	PC_RM10_1500	0.540426015854	0.44393286109	0.523164272308
LSIS	lsisRFAll	0.510637998581	0.402981877327	0.497802376747
uiucGSLIS	gslis_adaptive	0.434042990208	0.392063170671	0.395729988813
CWI	google_dic_3	0.536170005798	0.380716055632	0.560094296932
hltcoe	wordNER500	0.178723007441	0.189474001527	0.179385989904
igpi2012	ner_jaccard	0.0936169996858	0.0872506275773	0.0852850452065
helsinki	disgraph2	0.0	0.0	0.0
