UvA	UvAIncLearnHigh	nan	0.385185211897	nan
UMass_CIIR	PC_RM10_1500	0.300000011921	0.242592558265	0.425000011921
LSIS	lsisRFAll	0.233333006501	0.233333334327	0.5
uiucGSLIS	gslis_adaptive	0.0	0.207407444715	0.408333301544
udel_fang	UDInfoKBA_WIKI1	0.166666999459	0.20000000298	0.375
CWI	google_dic_3	0.0333329997957	0.111111111939	0.324999988079
igpi2012	ner_jaccard	0.0666669979692	0.0222222227603	0.041666649282
helsinki	disgraph2	0.0	0.0	0.0
hltcoe	wordNER500	0.0	0.0	0.0
