LSIS	lsisRFAll	0.0	0.5	0.5
UvA	UvAIncLearnHigh	nan	0.416666656733	nan
udel_fang	UDInfoKBA_WIKI1	0.125	0.333333343267	0.625
hltcoe	wordNER500	0.25	0.333333343267	0.25
uiucGSLIS	gslis_adaptive	0.125	0.0833333358169	0.0
CWI	google_dic_3	0.0	0.0	0.375
igpi2012	ner_jaccard	0.0	0.0	0.0
helsinki	disgraph2	0.0	0.0	0.0
UMass_CIIR	PC_RM10_1500	0.0	0.0	0.25
