UvA	UvAIncLearnHigh	1484.0	92.75	14.0
CWI	google_dic_3	1482.0	92.625	13.9811325073
LSIS	lsisRFAll	1439.0	89.9375	13.5754718781
udel_fang	UDInfoKBA_WIKI1	1321.0	82.5625	12.462264061
helsinki	disgraph2	1030.0	64.375	9.71698093414
uiucGSLIS	gslis_adaptive	846.0	52.875	7.98113203049
igpi2012	ner_jaccard	797.0	49.8125	7.51886796951
UMass_CIIR	PC_RM10_1500	797.0	49.8125	7.51886796951
hltcoe	wordNER500	173.0	10.8125	1.63207542896
